idle_timeout,arrival_rate,replications,simulation_total_delay,simulation_switch_delay,simulation_miss_delay,simulation_residual_delay,analytical_total_delay,analytical_switch_delay,analytical_miss_delay,analytical_residual_delay
1.0,0.1,10,1.1395649914907922,0.34598087463245364,0.7933467735607396,0.00023734329759892103,1.2316279546066444,0.3448275862068966,0.8357918480615811,0.05100852033816662
1.0,0.1589795918367347,10,1.1079142433418883,0.3506457080143983,0.7563506956379279,0.0009178396895618412,1.2296803394996159,0.3519862078873644,0.7987356276787106,0.07895850393354067
1.0,0.2179591836734694,10,1.0746496313468188,0.35833731030404475,0.7144291718108493,0.0018831492319245143,1.2268968683646089,0.35944835680751175,0.762364058499649,0.10508445305744786
1.0,0.27693877551020407,10,1.0416338568560495,0.37001786206950854,0.6689647445250396,0.002651250261501125,1.2232126589352135,0.36723375552724274,0.7267480130971032,0.12923089031086737
1.0,0.3359183673469388,10,1.0140360294865678,0.37330833059445995,0.637811093811809,0.0029166050802987434,1.2186033723948932,0.3753638731423319,0.6919587987047349,0.1512807005478265
1.0,0.39489795918367343,10,0.9922796709521705,0.38019510619068614,0.6083198703827,0.0037646943787844134,1.2130841888122053,0.38386212299255773,0.6580651916591915,0.17115687416045594
1.0,0.45387755102040817,10,0.9718994267074219,0.3852443117947714,0.5815530949972523,0.005102019915397991,1.2067072990428336,0.39275408784866944,0.6251309606657024,0.18882225052846183
1.0,0.5128571428571429,10,0.9534076799828831,0.3932453987448763,0.5535806674817491,0.006581613756257596,1.1995582313706643,0.402067777139575,0.5932129217944385,0.20427753243665084
1.0,0.5718367346938775,10,0.934951074792248,0.40150963102952497,0.5256581985058437,0.007783245256879183,1.1917513786463945,0.41183392166750715,0.5623595317455197,0.21755792523336762
1.0,0.6308163265306123,10,0.9224821173113644,0.41138899421579456,0.5019445034524603,0.009148619643109732,1.1834250997095568,0.4220863123438711,0.5326099950593225,0.2287287923063632
1.0,0.6897959183673469,10,0.9145685237935943,0.4183216301613678,0.48548734917204966,0.010759544460176665,1.1747367440861733,0.4328621908127208,0.5039938372836174,0.23788071598983523
1.0,0.7487755102040816,10,0.9072889939102187,0.42914255884732916,0.4653045163760125,0.012841918686877013,1.165857900720064,0.44420270147765395,0.4765308802151704,0.24512431902723963
1.0,0.8077551020408164,10,0.9016082092261787,0.4363523831885704,0.45093659777012274,0.014319228267485487,1.1569701099734482,0.45615341649599705,0.450231546865411,0.2505851466120401
1.0,0.866734693877551,10,0.8922406141846647,0.44284615894833346,0.4334550924491272,0.0159393627872041,1.1482612126724203,0.46876494786185785,0.4250974217624789,0.2543988430480836
1.0,0.9257142857142857,10,0.8920421108986204,0.4605687636344188,0.41257685220004064,0.018896495064161054,1.1399224481204564,0.4820936639118457,0.40112199523575975,0.256706788972851
1.0,0.9846938775510203,10,0.8924816221973779,0.4686090362713375,0.40095529085063075,0.022917295075409693,1.1321463600703041,0.4962025316455696,0.37829152696030527,0.2576523014644292
1.0,1.0436734693877552,10,0.8930521317843663,0.4830760012162676,0.38476404523950114,0.02521208532859765,1.1251255287526065,0.5111621114124766,0.356585972870583,0.25737744446954697
1.0,1.1026530612244898,10,0.8947347451383546,0.4962178483377147,0.37069880908439873,0.027818087716241037,1.1190521194965637,0.5270517371195009,0.3359799293880111,0.25602045298905174
1.0,1.1616326530612247,10,0.8986259945701471,0.5075657657388597,0.3604829901517655,0.030577238679522,1.1141182242178629,0.5439609236234458,0.3164435588056505,0.25371374178876643
1.0,1.2206122448979593,10,0.9001171612225514,0.5220105021753403,0.34483719483432745,0.03326946421288379,1.110516970310643,0.5619910540199564,0.297943468966619,0.25058244732406776
1.0,1.279591836734694,10,0.9098446833331597,0.5396332169692217,0.3315601059579585,0.038651360405979406,1.1084443812481746,0.5812574139976275,0.28044352863729183,0.24674343861325526
1.0,1.3385714285714287,10,0.9224043213363897,0.5540849723500629,0.32611952505951713,0.042199823926809675,1.108101993675444,0.6018916595012899,0.26390560699464716,0.24230472717950693
1.0,1.3975510204081634,10,0.9304560635532557,0.5755975670998963,0.30925654930530533,0.045601947148053885,1.1097002667806684,0.6240448293428427,0.24829023135890696,0.23736520607891887
1.0,1.456530612244898,10,0.9456977479504086,0.5937638684742508,0.2989861599059509,0.05294771957020705,1.1134628620522267,0.6478910485257173,0.2335571617578831,0.23201465176862612
1.0,1.5155102040816328,10,0.9568536545173298,0.6107246802705963,0.2912498360548951,0.05487913819183832,1.1196319273303863,0.6736321143799836,0.21966588422753547,0.2263339287228671
1.0,1.5744897959183675,10,0.9701401567559653,0.6310733658195681,0.27614696834815033,0.06291982258824685,1.1284745924232757,0.7015032211882606,0.2065760270901557,0.22039534414485937
1.0,1.633469387755102,10,0.9936565132197772,0.654246458914343,0.27060517306071236,0.06880488124472195,1.1402909812414366,0.7317801672640383,0.19424770597570715,0.21426310800169104
1.0,1.6924489795918367,10,1.024418946829688,0.6871262157556011,0.2588386313772856,0.07845409969680142,1.1554241781261902,0.7647885125643827,0.18264180422744947,0.20799386133435813
1.0,1.7514285714285716,10,1.0520616351142364,0.7139820838852439,0.2510204845386864,0.08705906669030619,1.1742727704996423,0.8009153318077804,0.17172019571000516,0.20163724298185678
1.0,1.8104081632653062,10,1.077456726669991,0.738805357823636,0.24275585264058458,0.0958955162057703,1.197306852221597,0.8406244638874593,0.16144591704681438,0.19523647128732327
1.0,1.8693877551020408,10,1.121207530732759,0.7755045540329149,0.23457861513571476,0.11112436156412939,1.225088753286971,0.8844765342960289,0.1517832960633097,0.1888289229276324
1.0,1.9283673469387757,10,1.1587684950975305,0.8087050832311613,0.2260717997708837,0.12399161209548533,1.2583003279140414,0.9331555894115408,0.14269804278992615,0.18244669571257444
1.0,1.9873469387755103,10,1.2149161025765207,0.8517269340044858,0.21675684125822578,0.14643232731380912,1.2977794932227975,0.9875050382910118,0.13415730885379595,0.17611714607798967
1.0,2.046326530612245,10,1.2747666587514341,0.8941587711073318,0.2104866677488293,0.17012121989527323,1.3445700469429833,1.0485769313075113,0.12612972051149762,0.1698633951239742
1.0,2.1053061224489795,10,1.3343643462209045,0.9461141581441039,0.20162708227953247,0.1866231057972679,1.3999909194278315,1.1177007299270072,0.11858538998534653,0.1637047995154776
1.0,2.164285714285714,10,1.4117023670640902,0.9990307051804415,0.19581955341719706,0.21685210846645156,1.4657344912340577,1.1965811965811963,0.11149590918890276,0.15765738546395866
1.0,2.223265306122449,10,1.4801182793811072,1.0471726421168646,0.18897868277518842,0.2439669544890543,1.544009457635829,1.2874408828166057,0.10483432938116813,0.151734245438055
1.0,2.282244897959184,10,1.5866151995463909,1.112593369800785,0.17981411427109623,0.2942077154745092,1.6377538970004708,1.3932328689223774,0.09857512978406023,0.14594589829403312
1.0,2.3412244897959185,10,1.7031008533477596,1.1828991148329495,0.17177566264740154,0.3484260758674087,1.7509625738971688,1.5179677819083026,0.09269417773980437,0.14030061424906165
1.0,2.400204081632653,10,1.8747202446056748,1.2822721669363921,0.16515336669035816,0.42729471097892446,1.889207142160728,1.6672337529772032,0.08716868257585333,0.13480470660767152
1.0,2.4591836734693877,10,2.0041987338491767,1.3506547046576916,0.15817612208878087,0.4953679071027036,2.060496541207231,1.8490566037735847,0.08197714498424415,0.12946279244940218
1.0,2.5181632653061223,10,2.2135569447473458,1.4729866466638863,0.1527824531353312,0.5877878449481282,2.276769111189724,2.0753917831427358,0.07709930340769415,0.12427802463929419
1.0,2.5771428571428574,10,2.5058109714801358,1.544641613639102,0.1475365784279406,0.8136327794130933,2.556633241087518,2.3648648648648662,0.07251607865294299,0.11925229756970884
1.0,2.636122448979592,10,2.835771478887783,1.6761305874369186,0.14199730995166032,1.0176435814992035,2.93077317611934,2.748177229388672,0.06820951771903964,0.11438642901162821
1.0,2.6951020408163266,10,3.420723209900074,1.7821692837989462,0.13706489123188315,1.501489034869245,3.453628867906193,3.279785809906293,0.064162737630411,0.10968032036948883
1.0,2.7540816326530613,10,4.261394109381649,1.779329142495977,0.13207261500350603,2.3499923518821655,4.231883008905241,4.066390041493777,0.06035986989761038,0.10513309751385455
1.0,2.813061224489796,10,5.693320431593379,0.9596933464149124,0.1268897934423714,4.606737291736094,5.506874218479372,5.349344978165938,0.05678600608877611,0.10074323422465835
1.0,2.8720408163265305,10,8.098753404357936,-1.537757567711597,0.12078870826615251,9.515722263803381,7.9649278305214715,7.814992025518336,0.05342714487844471,0.0965086601246909
1.0,2.9310204081632656,10,14.89043999243118,-15.483966864000305,0.11724666545270652,30.257160190978773,14.639738415788678,14.497041420118403,0.05027014084418604,0.09242685482608826
1.0,2.99,10,41.931122267475956,-156.63561922203473,0.11367200750277084,198.45306948200795,100.13579758506194,100.00000000000213,0.04730265520261702,0.08849492985718971
2.0,0.1,10,1.06864914673325,0.3412037524440297,0.7272716030977497,0.00017379119147056086,1.145034844378652,0.3448275862068966,0.7543309752200696,0.0458762829516857
2.0,0.1589795918367347,10,1.0097676278193617,0.3590423243495832,0.6497535674373045,0.0009717360324740956,1.0955799520570721,0.3519862078873644,0.6772039624017183,0.06638978176798954
2.0,0.2179591836734694,10,0.9503686947968966,0.36368088707503,0.5857277924776049,0.0009600152442615347,1.0483513690977802,0.35944835680751175,0.6065177736111875,0.0823852386790808
2.0,0.27693877551020407,10,0.9019212747657701,0.369925334321648,0.5298324134389917,0.0021635270051304886,1.0036103819962758,0.36723375552724274,0.5420906989915861,0.09428592747744709
2.0,0.3359183673469388,10,0.8598420103167721,0.37577230637042924,0.4815349898019517,0.002534714144391062,0.9616053119935931,0.3753638731423319,0.4836575911258479,0.10258384772541336
2.0,0.39489795918367343,10,0.8198899505779483,0.37985476367232385,0.43703505331912973,0.0030001335864946787,0.9225475112933176,0.38386212299255773,0.4308896269202551,0.10779576138050473
2.0,0.45387755102040817,10,0.7898636857206501,0.38983685598958673,0.39674730733160374,0.0032795223994595674,0.8865983041532071,0.39275408784866944,0.38341485430358596,0.11042936200095163
2.0,0.5128571428571429,10,0.7591689301791309,0.39388568880588576,0.3614329858352053,0.0038502555380398656,0.8538648611029417,0.402067777139575,0.34083712900073415,0.11095995496263253
2.0,0.5718367346938775,10,0.7395422111066072,0.40645727605613907,0.3282324323214728,0.004852502728995381,0.8244025171188344,0.41183392166750715,0.30275214544401,0.10981645000731723
2.0,0.6308163265306123,10,0.722284790320487,0.4151697802168589,0.30123232486700263,0.005882685236625442,0.7982211541837267,0.4220863123438711,0.2687600904247503,0.10737475141510536
2.0,0.6897959183673469,10,0.7059967273963209,0.4215379412479766,0.27866836521306115,0.005790420935283126,0.7752936913103262,0.4328621908127208,0.23847498873828907,0.10395651175931626
2.0,0.7487755102040816,10,0.6990373550219138,0.4344637333296794,0.2572384489969496,0.00733517269528466,0.7555652492754152,0.44420270147765395,0.21153111343100872,0.09983143436675256
2.0,0.8077551020408164,10,0.6845836614356582,0.44304129533790404,0.2336516931717604,0.007890672925993807,0.7389620525862414,0.45615341649599705,0.18758696424022006,0.09522167185002431
2.0,0.866734693877551,10,0.6724552943282337,0.44899404494395767,0.21572766848003289,0.007733580904243037,0.7253995357699519,0.46876494786185785,0.16632733776551756,0.0903072501425765
2.0,0.9257142857142857,10,0.6703534321005806,0.4692675109469932,0.19179603323274272,0.009289887920844665,0.7147894192247026,0.4820936639118457,0.14746397022651464,0.08523178508634216
2.0,0.9846938775510203,10,0.6692061060555516,0.47952457776997504,0.18041106344704055,0.009270464838536076,0.707045721174826,0.4962025316455696,0.13073516214770475,0.0801080273815516
2.0,1.0436734693877552,10,0.6719115310036566,0.4979456279320241,0.16340235165394132,0.010563551417691209,0.7020897967661608,0.5111621114124766,0.11590471520699198,0.07502297014669225
2.0,1.1026530612244898,10,0.6748029985807222,0.5148973245718788,0.14821356829759935,0.011692105711244238,0.6998545647180703,0.5270517371195009,0.10276043667986834,0.07004239091870101
2.0,1.1616326530612247,10,0.6777634196543143,0.5331460506900716,0.13334036026521795,0.011277008699024753,0.7002881153208833,0.5439609236234458,0.09111240201973947,0.06521478967769798
2.0,1.2206122448979593,10,0.6831451350134208,0.5477664243049474,0.12318128096897088,0.012197429739502408,0.7033569060360889,0.5619910540199564,0.08079111290801463,0.06057473910811785
2.0,1.279591836734694,10,0.6907009019316375,0.5647512681456872,0.11282373276731747,0.013125901018632724,0.7090487537404552,0.5812574139976275,0.07164564623361962,0.05614569350920804
2.0,1.3385714285714287,10,0.7044573432056696,0.5874438400883971,0.10330020519144778,0.013713297925824658,0.7173758338742087,0.6018916595012899,0.06354185755825498,0.05194231681466377
2.0,1.3975510204081634,10,0.7152915971073052,0.606731015630924,0.09441709599400527,0.014143485482375998,0.7283779024209432,0.6240448293428427,0.056360678982294174,0.047972394095806406
2.0,1.456530612244898,10,0.7248256639274246,0.6256510018970881,0.08449629374552868,0.014678368284807888,0.7421259716647238,0.6478910485257173,0.04999653425345536,0.04423838888555109
2.0,1.5155102040816328,10,0.7474026975975134,0.6512124263827201,0.08130888992847243,0.014881381286320817,0.7587266997836399,0.6736321143799836,0.04435588195070247,0.04073870345295382
2.0,1.5744897959183675,10,0.7642597155735472,0.6762835202889358,0.07170312906526052,0.01627306621935104,0.7783278031149297,0.7015032211882606,0.03935588937281911,0.03746869255384999
2.0,1.633469387755102,10,0.7960775758390661,0.7134749777491585,0.06538603087608809,0.017216567213819513,0.8011248758821363,0.7317801672640383,0.03492323435954966,0.03442147425854832
2.0,1.6924489795918367,10,0.8183728408858159,0.7433103121783565,0.05744511986821145,0.017617408839247808,0.8273701162819516,0.7647885125643827,0.030993028892994212,0.03158857482457461
2.0,1.7514285714285716,10,0.8517517061360158,0.7792809880851288,0.05323656904073585,0.019234149010151056,0.8573836267382362,0.8009153318077804,0.027507856376665328,0.028960438553790498
2.0,1.8104081632653062,10,0.8880462553780084,0.8196721858662581,0.04947535022019192,0.018898719291558338,0.8915682056932301,0.8406244638874593,0.02441691352940768,0.026526828276363226
2.0,1.8693877551020408,10,0.9290129717935935,0.8620453246128091,0.045810026289067815,0.021157620891716477,0.9304289193928145,0.8844765342960289,0.02167524753948684,0.024277137557298805
2.0,1.9283673469387757,10,0.9737986724558431,0.9131273662436941,0.03955268476163868,0.021118621450510213,0.9745993005630913,0.9331555894115408,0.019243079268785046,0.022200631882765443
2.0,1.9873469387755103,10,1.018599511716446,0.958026840230288,0.037232706301502216,0.02333996518465588,1.0248768748869308,0.9875050382910118,0.017085203713746146,0.020286632882172986
2.0,2.046326530612245,10,1.089393633753001,1.0334448259814,0.03139519728187058,0.024553610489730433,1.0822720478074759,1.0485769313075113,0.015170459503692675,0.01852465699627175
2.0,2.1053061224489795,10,1.1676350841214744,1.1105856612252192,0.029699333448565575,0.02735008944768975,1.1480765076265502,1.1177007299270072,0.013471259869740917,0.016904517829802134
2.0,2.164285714285714,10,1.2318428444682403,1.175951345206683,0.026756122476627387,0.029135376784930122,1.223960774430934,1.1965811965811963,0.011963178196108587,0.015416399653629136
2.0,2.223265306122449,10,1.331195256003606,1.2713038763967408,0.02359688097118249,0.03629449863568257,1.3121163728309202,1.2874408828166057,0.010624581935965348,0.014050908078349161
2.0,2.282244897959184,10,1.4232769572149606,1.3642531654665135,0.02305225445685599,0.0359715372915913,1.4154682809879853,1.3932328689223774,0.009436309314906369,0.012799102750701574
2.0,2.3412244897959185,10,1.5570120074840184,1.4948930465835306,0.019791257053986367,0.04232770384650164,1.538001681728981,1.5179677819083026,0.008381383844394338,0.011652515976284045
2.0,2.400204081632653,10,1.6806503816203389,1.6208902052636502,0.017536553895213965,0.04222362246147455,1.6852816756019042,1.6672337529772032,0.0074447622189800925,0.01060316040572091
2.0,2.4591836734693877,10,1.891486267124962,1.825820176538322,0.01525900205154162,0.05040708853509803,1.8653132437486688,1.8490566037735847,0.006613111672699127,0.00964352830238505
2.0,2.5181632653061223,10,2.1390592266287927,2.0648392381172176,0.014156192802843665,0.06006379570873144,2.090032980875022,2.0753917831427358,0.005874613322298576,0.008766584409987444
2.0,2.5771428571428574,10,2.456766561364907,2.3667134165598527,0.012396627463415917,0.07765651734163807,2.378049407329862,2.3648648648648662,0.0052187884300411245,0.007965754034955095
2.0,2.636122448979592,10,2.827878496114874,2.716187833577395,0.011821691419187355,0.09986897111829167,2.7600484819014777,2.748177229388672,0.004636344879854949,0.007234907632950348
2.0,2.6951020408163266,10,3.3790824206658776,3.2412507173778877,0.009995308238040384,0.12783639504994998,3.290473194313519,3.279785809906293,0.004119041481110795,0.006568342926115317
2.0,2.7540816326530613,10,4.192926839947613,4.014543259314629,0.01003630522561933,0.16834727540736494,4.07601037485732,4.066390041493777,0.0036595679980228773,0.005960765365521161
2.0,2.813061224489796,10,5.525815936183531,5.202353701242271,0.008796321408977846,0.31466591353228324,5.358003684801278,5.349344978165938,0.0032514390532590253,0.00540726758208128
2.0,2.8720408163265305,10,8.604073607021153,7.872426779949677,0.007702610726461115,0.7239442163450148,7.822784234124621,7.814992025518336,0.0028889002753123695,0.0049033083309730895
2.0,2.9310204081632656,10,15.102023747612211,13.182389255486285,0.006935661136694441,1.9126988309892325,14.504052956695267,14.497041420118403,0.0025668452538013115,0.004444691323062987
2.0,2.99,10,43.3399100011586,31.32653547680165,0.006494195706050603,12.006880328650894,100.0063082862871,100.00000000000213,0.0022807420381269535,0.004027544246838989
3.0,0.1,10,1.0061878673671993,0.3448614777653655,0.6611146951902575,0.0002116944115764137,1.0670975325513166,0.3448275862068966,0.6809844503320095,0.04128549601241041
3.0,0.1589795918367347,10,0.927461138715058,0.3541119521535351,0.5728096910869909,0.0005394954745320198,0.9826540656365678,0.3519862078873644,0.5747186130916659,0.05594924465753745
3.0,0.2179591836734694,10,0.8448394535478831,0.36458979723002594,0.4789570222586009,0.0012926340592563069,0.9080333130502923,0.35944835680751175,0.4836436370686799,0.06494131917410072
3.0,0.27693877551020407,10,0.7855607520578711,0.37006830559436976,0.4142863239427407,0.0012061225207605209,0.8428415818863377,0.36723375552724274,0.4061106762047539,0.06949715015434105
3.0,0.3359183673469388,10,0.7359663770408614,0.37787932825612847,0.35626853986871426,0.0018185089160187493,0.7865463895690266,0.3753638731423319,0.34045517917461804,0.07072733725207671
3.0,0.39489795918367343,10,0.6944534866701656,0.38182315083053026,0.31047988940444415,0.0021504464351910545,0.7385151152169334,0.38386212299255773,0.28508378923965283,0.06956920298472276
3.0,0.45387755102040817,10,0.658639129449552,0.390658392521171,0.26569028549298435,0.002290451435396707,0.6980600321462616,0.39275408784866944,0.23852827297769846,0.0667776713198936
3.0,0.5128571428571429,10,0.6318396238198215,0.39892187838769055,0.23033160599118263,0.002586139440948307,0.6644791646309525,0.402067777139575,0.19947259762362807,0.06293878986774931
3.0,0.5718367346938775,10,0.6112475541150586,0.40687137349679714,0.201366933591423,0.0030092470268384087,0.6370883407954159,0.41183392166750715,0.16676079109111985,0.058493628036788856
3.0,0.6308163265306123,10,0.5918904819461233,0.41695300097723437,0.17128481050644567,0.0036526704624432562,0.6152436058766666,0.4220863123438711,0.1393924480322143,0.0537648455005813
3.0,0.6897959183673469,10,0.578547054108139,0.42315659395093486,0.15192255651237935,0.003467903644824731,0.598355115371439,0.4328621908127208,0.11651117443730746,0.04898175012141066
3.0,0.7487755102040816,10,0.5721576927152301,0.4354281132587351,0.13298931441129708,0.003740265045197902,0.5858943540087612,0.44420270147765395,0.09738966598064375,0.04430198655046359
3.0,0.8077551020408164,10,0.5617611091366476,0.4452410830300984,0.11332160117234007,0.003198424934209094,0.5773965695984187,0.45615341649599705,0.08141380196007458,0.03982935114234713
3.0,0.866734693877551,10,0.5573304618242739,0.45861552919834586,0.09526647621801732,0.0034484564079109064,0.5724600456530299,0.46876494786185785,0.06806717197493829,0.0356279258162338
3.0,0.9257142857142857,10,0.5603387337553897,0.4721766881149757,0.08407981440623057,0.004082231234183434,0.5707434809329213,0.4820936639118457,0.05691679553293979,0.03173302148813571
3.0,0.9846938775510203,10,0.5636718413876063,0.4895284081103267,0.07045357630460432,0.0036898569726752594,0.5719624055112749,0.4962025316455696,0.047600373751545626,0.02815950011415967
3.0,1.0436734693877552,10,0.5699221390991231,0.5035150953779544,0.06246130346961661,0.003945740251552163,0.5758852840989661,0.5111621114124766,0.03981515784749828,0.024908014838991292
3.0,1.1026530612244898,10,0.5780363494677684,0.520821939129387,0.05317835115078947,0.00403605918759189,0.5823297467813638,0.5270517371195009,0.03330837564565491,0.021969634016208012
3.0,1.1616326530612247,10,0.5868630247970125,0.5373012318755122,0.04580037225963252,0.0037614206618677127,0.5911592386068172,0.5439609236234458,0.027869084496425577,0.019329230486945775
3.0,1.2206122448979593,10,0.5950470436368006,0.5531680824039289,0.038396332832658184,0.003482628400213584,0.6022802814527911,0.5619910540199564,0.02332128912711091,0.016967938305723768
3.0,1.279591836734694,10,0.6142811695806375,0.5771153126186257,0.033331990625272076,0.003833866336739799,0.6156404832111974,0.5812574139976275,0.01951815795847982,0.014864911255090046
3.0,1.3385714285714287,10,0.6298021414865621,0.5961917334114364,0.02997715583826624,0.003633252236859582,0.6312274016190209,0.6018916595012899,0.01633717985217595,0.012998562265555125
3.0,1.3975510204081634,10,0.6493669416254085,0.620220265666098,0.025627867527209507,0.003518808432100887,0.649068366771893,0.6240448293428427,0.013676118130805685,0.011347419298244534
3.0,1.456530612244898,10,0.6657551808783743,0.639892264508231,0.021562695537438822,0.004300220832704439,0.6692313840307835,0.6478910485257173,0.011449635924399765,0.009890699580666493
3.0,1.5155102040816328,10,0.6883921734238355,0.6672242302014119,0.01787621077578005,0.0032917324466434925,0.6918272769372967,0.6736321143799836,0.009586484147467442,0.008608678409845694
3.0,1.5744897959183675,10,0.713983935601515,0.6945654157767603,0.01632702992898808,0.0030914898957665575,0.7170132900249649,0.7015032211882606,0.008027159510100246,0.007482909326604118
3.0,1.633469387755102,10,0.739630051524947,0.7225537057239387,0.013672909065361491,0.003403436735646691,0.7449984595201018,0.7317801672640383,0.006721954381962559,0.006496337874101001
3.0,1.6924489795918367,10,0.7741920988458573,0.7600192991394829,0.011098379635089058,0.003074420071285336,0.7760511856922102,0.7647885125643827,0.005629332903116146,0.005633340224711251
3.0,1.7514285714285716,10,0.8083268407686118,0.7939628991017551,0.011056376705333484,0.0033075649615232823,0.8105096201155279,0.8009153318077804,0.004714578517935761,0.004879709789811719
3.0,1.8104081632653062,10,0.847354216001223,0.8367915175925216,0.00801523275590922,0.0025474656527921394,0.8487957399605857,0.8406244638874593,0.00394866724617184,0.00422260882695456
3.0,1.8693877551020408,10,0.8843193006251535,0.8737699925821669,0.007404407110229981,0.0031449009327567537,0.8914343604901939,0.8844765342960289,0.0033073286876868888,0.0036504975064781064
3.0,1.9283673469387757,10,0.9387338571800597,0.9296904947949122,0.0059428434212319995,0.0031005189639154583,0.9390789020960201,0.9331555894115408,0.002770263181165914,0.003153049503313358
3.0,1.9873469387755103,10,0.9964294282369359,0.9876450039552278,0.00524966150133689,0.003534762780371136,0.9925465878268561,0.9875050382910118,0.0023204888887327006,0.002721060647111636
3.0,2.046326530612245,10,1.0570230062776163,1.0500508590807585,0.0037523400673782547,0.0032198071294795875,1.052867083610586,1.0485769313075113,0.0019437970262107661,0.002346355276863841
3.0,2.1053061224489795,10,1.1408207967800557,1.133594220421671,0.003857670997250536,0.0033689053611343027,1.1213507206195723,1.1177007299270072,0.0016282971500151235,0.0020216935425498095
3.0,2.164285714285714,10,1.2259260541160792,1.2193947749458602,0.0032655198811224542,0.0032657592890963315,1.1996859159088906,1.1965811965811963,0.0013640374726423777,0.0017406818550517395
3.0,2.223265306122449,10,1.2848685338854213,1.2793763927518098,0.002606746886549651,0.002885394247061802,1.2900812584491956,1.2874408828166057,0.0011426877163122318,0.001497687916277477
3.0,2.282244897959184,10,1.4283914510209172,1.4227243975598562,0.0024028745126125255,0.0032641789484482604,1.3954779042371004,1.3932328689223774,0.0009572741181145337,0.0012877611966084913
3.0,2.3412244897959185,10,1.5385652667555978,1.5335965930266302,0.00158610192718354,0.003382571801783743,1.5198762991687518,1.5179677819083026,0.0008019579447091757,0.001106559315740072
3.0,2.400204081632653,10,1.6951324544422852,1.690438308236348,0.0013614965186692968,0.0033326496872679466,1.668855883786986,1.6672337529772032,0.0006718503221844498,0.000950280487598263
3.0,2.4591836734693877,10,1.8701818629038496,1.866004804626946,0.0011756214373998754,0.003001436839503722,1.8504350631435202,1.8490566037735847,0.0005628573883959601,0.0008156019815394407
3.0,2.5181632653061223,10,2.121588419975966,2.1171596473434273,0.001289453852098436,0.0031393187804399383,2.0765629583248115,2.0753917831427358,0.00047155077336921285,0.0006996244087065465
3.0,2.5771428571428574,10,2.439305591469818,2.434777747531704,0.0008427957739294868,0.0036850481641846297,2.365859745655748,2.3648648648648662,0.00039505924315157354,0.000599821547730363
3.0,2.636122448979592,10,2.8006305430413594,2.796631815856329,0.0009472757962732923,0.003051451388757247,2.749022202786794,2.748177229388672,0.00033097803273285685,0.000513995365389097
3.0,2.6951020408163266,10,3.378858439213566,3.3721796466791742,0.0008084571861381784,0.005870335348253634,3.2805033387303033,3.279785809906293,0.0002772929681699912,0.0004402358558405563
3.0,2.7540816326530613,10,4.132770840177195,4.121983776448067,0.0006109220699254976,0.010176141659202697,4.066999243759694,4.066390041493777,0.00023231695655157318,0.0003768853093660347
3.0,2.813061224489796,10,5.493836009471262,5.47409686427852,0.0006954946477867094,0.019043650544955278,5.349862121609847,5.349344978165938,0.00019463682120721612,0.00032250662270241444
3.0,2.8720408163265305,10,8.623248851457783,8.588622128987234,0.0004683910991811433,0.03415833137136764,7.815430949584223,7.814992025518336,0.00016306879207532497,0.00027585527381082013
3.0,2.9310204081632656,10,15.118857745115259,15.001889640143194,0.0004358566677946799,0.11653224830427322,14.497413895958129,14.497041420118403,0.00013662123854450754,0.0002358546011814639
3.0,2.99,10,43.72936944852859,43.09454676636821,0.0004455016505134822,0.6343771805098553,100.00031603751489,100.00000000000213,0.00011446346362097736,0.00020157404913686143
4.0,0.1,10,0.9511575281244109,0.3439100015101308,0.6068698958287263,0.0003776307855539309,0.9969127041751095,0.3448275862068966,0.6149108144212647,0.037174303546948124
4.0,0.1589795918367347,10,0.8473091646234359,0.35435243289613666,0.49245981274019324,0.000496918987106001,0.8873611738521012,0.3519862078873644,0.48813475883067403,0.04724020713406271
4.0,0.2179591836734694,10,0.760315250606713,0.3616724422478509,0.3979674008805775,0.0006754074782846026,0.7972031323564073,0.35944835680751175,0.3863484843287619,0.05140629122013358
4.0,0.27693877551020407,10,0.6897195517570076,0.3688184718154475,0.3199296786523017,0.0009714012892583522,0.7240207930073222,0.36723375552724274,0.3051850326228986,0.051602004857180875
4.0,0.3359183673469388,10,0.6382001136317632,0.37621001076805793,0.26049480979025186,0.0014952930734533404,0.6654430010935626,0.3753638731423319,0.24077468483551495,0.04930444311571574
4.0,0.39489795918367343,10,0.6025340893106623,0.38370326820688694,0.2177760271706314,0.0010547939331439643,0.6192647958966203,0.38386212299255773,0.1898229333053935,0.045579739598669095
4.0,0.45387755102040817,10,0.5682510021723799,0.39103146014386014,0.175436641775854,0.0017829002526655838,0.5835162667585473,0.39275408784866944,0.14960034535860825,0.04116183355126954
4.0,0.5128571428571429,10,0.5462017423892029,0.39941305503645175,0.14505666749371557,0.0017320198590355881,0.5564891434092749,0.402067777139575,0.11788703155248394,0.036534334717216066
4.0,0.5718367346938775,10,0.5281383562505015,0.40973434736240566,0.11616711109996167,0.0022368977881342877,0.5367346275470634,0.41183392166750715,0.09289983329630445,0.032000872583251766
4.0,0.6308163265306123,10,0.5152030904178213,0.41974367321385336,0.09346357850415933,0.0019958386998087255,0.5230446115604285,0.4220863123438711,0.0732181920844887,0.02774010713206867
4.0,0.6897959183673469,10,0.5070136591008272,0.42604474970391387,0.07921994533460865,0.0017489640623045955,0.5144251227593695,0.4328621908127208,0.05771649805268296,0.02384643389396567
4.0,0.7487755102040816,10,0.5055602691908027,0.4390712838077303,0.06482200786082862,0.0016669775222437355,0.5100676401841343,0.44420270147765395,0.0455058888633839,0.02035904984309644
4.0,0.8077551020408164,10,0.5017365404280671,0.44892791073091687,0.051122607409137585,0.001686022288012701,0.5093215134874266,0.45615341649599705,0.035885902450716,0.017282194540713558
4.0,0.866734693877551,10,0.5045039706397784,0.46121324331060565,0.041923941691885416,0.0013667856372872413,0.5116690994777032,0.46876494786185785,0.028305180779110567,0.014598970836734788
4.0,0.9257142857142857,10,0.5125022294040236,0.47558192574151315,0.03525295989546322,0.0016673437670472007,0.5167042465969749,0.4820936639118457,0.02232996860042099,0.012280614084708208
4.0,0.9846938775510203,10,0.5187094527392835,0.48825214529451655,0.02912612100960683,0.0013311864351602265,0.524114204094668,0.4962025316455696,0.017619081880197437,0.01029259056890098
4.0,1.0436734693877552,10,0.5283262886047682,0.5047268931441622,0.022255589708425665,0.0013438057521804117,0.533664753037287,0.5111621114124766,0.013904126472201643,0.008598515152608809
4.0,1.1026530612244898,10,0.5404351782803832,0.5204989230109437,0.018783322810154615,0.0011529324592849358,0.5451882403233265,0.5270517371195009,0.010973918028443328,0.007162585175382256
4.0,1.1616326530612247,10,0.5572968318434446,0.5409312624212819,0.015240914090054777,0.001124655332107954,0.558574173577234,0.5439609236234458,0.008662234238506369,0.005951015715281849
4.0,1.2206122448979593,10,0.5714033860902006,0.5572345668447605,0.01312320974405258,0.0010456095013877025,0.5737620611195379,0.5619910540199564,0.006838195851168984,0.004932811248412526
4.0,1.279591836734694,10,0.5893264675499332,0.5775287016179639,0.010540677723789468,0.001257088208179962,0.5907362325077645,0.5812574139976275,0.005398714769520083,0.004080103740617012
4.0,1.3385714285714287,10,0.6093392980646252,0.6001557328303612,0.008047429043906953,0.0011361361903571635,0.6095224384119047,0.6018916595012899,0.004262564647600388,0.003368214263014342
4.0,1.3975510204081634,10,0.6271950078607427,0.6199775190636276,0.006487323212028463,0.0007301655850865744,0.6301860980763606,0.6240448293428427,0.003365723990825435,0.0027755447426924644
4.0,1.456530612244898,10,0.6460757568040181,0.6403382925670348,0.005101477325702345,0.0006359869112808245,0.652832137192986,0.6478910485257173,0.0026577170672159034,0.002283371600052877
4.0,1.5155102040816328,10,0.6682120937988574,0.6630552886865241,0.004488821373525321,0.0006679837388081165,0.6776064407572787,0.6736321143799836,0.0020987373879184914,0.001875588989376682
4.0,1.5744897959183675,10,0.6941246722867556,0.6898397297885941,0.003610694554040347,0.0006742479441210923,0.7046990392187529,0.7015032211882606,0.0016573852108778756,0.0015384328196144112
4.0,1.633469387755102,10,0.7289023212294711,0.7254835427204178,0.002804965762088017,0.0006138127469651645,0.7343492597418275,0.7317801672640383,0.0013088870914535712,0.001260205386335609
4.0,1.6924489795918367,10,0.7667180354226943,0.7640382571721023,0.0021394717797302626,0.0005403064708618858,0.7668532193701206,0.7647885125643827,0.0010336941027665482,0.0010310127029713272
4.0,1.7514285714285716,10,0.7983555629271089,0.7957274993266353,0.0019364855786639565,0.000691578021809509,0.8025742308907691,0.8009153318077804,0.0008163777033833628,0.0008425213796052676
4.0,1.8104081632653062,10,0.8456586287183383,0.8435881628537161,0.0015134943340022126,0.0005569715306200864,0.8419569619908935,0.8406244638874593,0.0006447597064319474,0.0006877383970023069
4.0,1.8693877551020408,10,0.8806013480276464,0.8789055394812365,0.0012859499986742232,0.00040985854773558495,0.8855465756006238,0.8844765342960289,0.0005092264741356405,0.0005608148304591849
4.0,1.9283673469387757,10,0.9367200232456792,0.9355329177006538,0.0008722576279128532,0.0003148479171123776,0.9340146506943307,0.9331555894115408,0.00040218816213168296,0.00045687312065818716
4.0,1.9873469387755103,10,0.9909355884605324,0.9896734760862491,0.000913461624072674,0.0003486507502106557,0.9881945471183655,0.9875050382910118,0.00031765222100947914,0.00037185660634431677
4.0,2.046326530612245,10,1.0537987039805614,1.052889888787584,0.0006943876012270711,0.0002144275917502963,1.0491302177866397,1.0485769313075113,0.00025088693591532893,0.0003023995432132123
4.0,2.1053061224489795,10,1.1335068243970985,1.132837995730302,0.00036748696932782177,0.0003013416974688481,1.1181446014771494,1.1177007299270072,0.00019815594394970897,0.00024571560619246756
4.0,2.164285714285714,10,1.209538563461248,1.2087790788511084,0.0004964710471869277,0.0002630135629529195,1.1969372081203578,1.1965811965811963,0.00015650872114776994,0.00019950281801370593
4.0,2.223265306122449,10,1.2888465938305376,1.28825078401164,0.00029597734425303374,0.00029983247464409804,1.2877263609350547,1.2874408828166057,0.0001236152159539485,0.00016186290249476566
4.0,2.282244897959184,10,1.4205374748060826,1.419985533717837,0.00040339930090965644,0.00014854178733587813,1.3934617374163445,1.3932328689223774,9.763531147321882e-05,0.00013123318249377445
4.0,2.3412244897959185,10,1.5331583215779145,1.532732768810447,0.0002303490848804504,0.0001952036825871375,1.5181512269789963,1.5179677819083026,7.711577067158744e-05,0.00010632930002213495
4.0,2.400204081632653,10,1.6836972529134697,1.6831882528879827,0.0003251076522982814,0.00018389237318872987,1.6673807590579868,1.6672337529772032,6.0908871534375254e-05,8.609720924917463e-05
4.0,2.4591836734693877,10,1.8813856988676736,1.8808416177892109,0.0001910274832149957,0.00035305359524766977,1.8491743850049456,1.8490566037735847,4.810816259701168e-05,6.96730687638863e-05
4.0,2.5181632653061223,10,2.1319128201439366,2.131584445451931,0.00013887151370370172,0.00018950317830185184,2.0754861307052788,2.0753917831427358,3.7997733514626516e-05,5.634982902844391e-05
4.0,2.5771428571428574,10,2.4372923557845505,2.43702357156985,0.00010829029918719238,0.00016049391551334016,2.3649404264898823,2.3648648648648662,3.0012155592367834e-05,4.554946942394554e-05
4.0,2.636122448979592,10,2.785400172866619,2.785040221228935,0.00013392778873110484,0.00022602384895259242,2.748237734219425,2.748177229388672,2.370484679120592e-05,3.679998396152092e-05
4.0,2.6951020408163266,10,3.3888632768381064,3.3883748154186195,0.00011313767034255699,0.0003753237491438362,3.2798342493395287,3.279785809906293,1.8723088724085567e-05,2.971634451143269e-05
4.0,2.7540816326530613,10,4.116654120110945,4.115681627735242,0.0001092722079362724,0.0008632201677658428,4.066428814575382,4.066390041493777,1.4788296370634299e-05,2.3984785234866427e-05
4.0,2.813061224489796,10,5.4834223607106285,5.482252990612606,0.00019297382935326725,0.0009763962686690622,5.349376008454101,5.349344978165938,1.1680435768704353e-05,1.9349852393875126e-05
4.0,2.8720408163265305,10,8.61611695654061,8.61347697402623,0.0001454994149971958,0.0024944830993819398,7.815016854986607,7.814992025518336,9.22571741064825e-06,1.5603750860611256e-05
4.0,2.9310204081632656,10,15.114805653076818,15.100113713111778,0.00012836550021839226,0.014563574464821006,14.497061284588632,14.497041420118403,7.286876580751904e-06,1.2577593646960223e-05
4.0,2.99,10,43.796554035673736,43.697658621186115,0.00015353301734340004,0.09874188147028093,100.00001588972378,100.00000000000213,5.755496744354597e-06,1.0134224906312827e-05
